{"inputs":[["0010000000000000000000000000000000000000000000000000000000000000","0010000000000000000000000000000000000000000000000000000000000000","0000000000000000000000000000000000000000000000000000000000000000","0010000000000000000000000000000000000000000000000000000000000000","0010000000000000000000000000000000000000000000000000000000000000","0000000000000000000000000000000000000000000000000000000000000000","0010000000000000000000000000000000000000000000000000000000000000","0000000000000000000000000000000000000000000000000000000000000000","0000000000000000000000000000000000000000000000000000000000000000","0010000000000000000000000000000000000000000000000000000000000000","0000000000000000000000000000000000000000000000000000000000000000"]],"pretty_elements":{"rescaled_inputs":[["1","1","0","1","1","0","1","0","0","1","0"]],"inputs":[["0x0000000000000000000000000000000000000000000000000000000000001000","0x0000000000000000000000000000000000000000000000000000000000001000","0x0000000000000000000000000000000000000000000000000000000000000000","0x0000000000000000000000000000000000000000000000000000000000001000","0x0000000000000000000000000000000000000000000000000000000000001000","0x0000000000000000000000000000000000000000000000000000000000000000","0x0000000000000000000000000000000000000000000000000000000000001000","0x0000000000000000000000000000000000000000000000000000000000000000","0x0000000000000000000000000000000000000000000000000000000000000000","0x0000000000000000000000000000000000000000000000000000000000001000","0x0000000000000000000000000000000000000000000000000000000000000000"]],"processed_inputs":[],"processed_params":[],"processed_outputs":[],"rescaled_outputs":[["0"],["0.696533203125","0.303466796875"]],"outputs":[["0x0000000000000000000000000000000000000000000000000000000000000000"],["0x0000000000000000000000000000000000000000000000000000000000000b25","0x00000000000000000000000000000000000000000000000000000000000004db"]]},"outputs":[["0000000000000000000000000000000000000000000000000000000000000000"],["250b000000000000000000000000000000000000000000000000000000000000","db04000000000000000000000000000000000000000000000000000000000000"]],"processed_inputs":null,"processed_params":null,"processed_outputs":null,"max_lookup_inputs":4096,"min_lookup_inputs":-4096,"max_range_size":0}