{"inputs":[["0000000000000000000000000000000000000000000000000000000000000000","0010000000000000000000000000000000000000000000000000000000000000","0010000000000000000000000000000000000000000000000000000000000000","0000000000000000000000000000000000000000000000000000000000000000","0010000000000000000000000000000000000000000000000000000000000000","0000000000000000000000000000000000000000000000000000000000000000","0000000000000000000000000000000000000000000000000000000000000000","0010000000000000000000000000000000000000000000000000000000000000","0010000000000000000000000000000000000000000000000000000000000000","0000000000000000000000000000000000000000000000000000000000000000","0000000000000000000000000000000000000000000000000000000000000000"]],"pretty_elements":{"rescaled_inputs":[["0","1","1","0","1","0","0","1","1","0","0"]],"inputs":[["0x0000000000000000000000000000000000000000000000000000000000000000","0x0000000000000000000000000000000000000000000000000000000000001000","0x0000000000000000000000000000000000000000000000000000000000001000","0x0000000000000000000000000000000000000000000000000000000000000000","0x0000000000000000000000000000000000000000000000000000000000001000","0x0000000000000000000000000000000000000000000000000000000000000000","0x0000000000000000000000000000000000000000000000000000000000000000","0x0000000000000000000000000000000000000000000000000000000000001000","0x0000000000000000000000000000000000000000000000000000000000001000","0x0000000000000000000000000000000000000000000000000000000000000000","0x0000000000000000000000000000000000000000000000000000000000000000"]],"processed_inputs":[],"processed_params":[],"processed_outputs":[],"rescaled_outputs":[["0"],["0.932373046875","0.067626953125"]],"outputs":[["0x0000000000000000000000000000000000000000000000000000000000000000"],["0x0000000000000000000000000000000000000000000000000000000000000eeb","0x0000000000000000000000000000000000000000000000000000000000000115"]]},"outputs":[["0000000000000000000000000000000000000000000000000000000000000000"],["eb0e000000000000000000000000000000000000000000000000000000000000","1501000000000000000000000000000000000000000000000000000000000000"]],"processed_inputs":null,"processed_params":null,"processed_outputs":null,"max_lookup_inputs":4096,"min_lookup_inputs":-10747,"max_range_size":0}