{"inputs":[["0000000000000000000000000000000000000000000000000000000000000000","0010000000000000000000000000000000000000000000000000000000000000","0010000000000000000000000000000000000000000000000000000000000000","0000000000000000000000000000000000000000000000000000000000000000","0010000000000000000000000000000000000000000000000000000000000000","0000000000000000000000000000000000000000000000000000000000000000","0010000000000000000000000000000000000000000000000000000000000000","0000000000000000000000000000000000000000000000000000000000000000","0010000000000000000000000000000000000000000000000000000000000000","0000000000000000000000000000000000000000000000000000000000000000","0000000000000000000000000000000000000000000000000000000000000000"]],"pretty_elements":{"rescaled_inputs":[["0","1","1","0","1","0","1","0","1","0","0"]],"inputs":[["0x0000000000000000000000000000000000000000000000000000000000000000","0x0000000000000000000000000000000000000000000000000000000000001000","0x0000000000000000000000000000000000000000000000000000000000001000","0x0000000000000000000000000000000000000000000000000000000000000000","0x0000000000000000000000000000000000000000000000000000000000001000","0x0000000000000000000000000000000000000000000000000000000000000000","0x0000000000000000000000000000000000000000000000000000000000001000","0x0000000000000000000000000000000000000000000000000000000000000000","0x0000000000000000000000000000000000000000000000000000000000001000","0x0000000000000000000000000000000000000000000000000000000000000000","0x0000000000000000000000000000000000000000000000000000000000000000"]],"processed_inputs":[],"processed_params":[],"processed_outputs":[],"rescaled_outputs":[["0"],["0.65673828125","0.34326171875"]],"outputs":[["0x0000000000000000000000000000000000000000000000000000000000000000"],["0x0000000000000000000000000000000000000000000000000000000000000a82","0x000000000000000000000000000000000000000000000000000000000000057e"]]},"outputs":[["0000000000000000000000000000000000000000000000000000000000000000"],["820a000000000000000000000000000000000000000000000000000000000000","7e05000000000000000000000000000000000000000000000000000000000000"]],"processed_inputs":null,"processed_params":null,"processed_outputs":null,"max_lookup_inputs":4096,"min_lookup_inputs":-2656,"max_range_size":0}