{"inputs":[["0010000000000000000000000000000000000000000000000000000000000000","0000000000000000000000000000000000000000000000000000000000000000","0000000000000000000000000000000000000000000000000000000000000000","0010000000000000000000000000000000000000000000000000000000000000","0010000000000000000000000000000000000000000000000000000000000000","0000000000000000000000000000000000000000000000000000000000000000","0010000000000000000000000000000000000000000000000000000000000000","0000000000000000000000000000000000000000000000000000000000000000","0000000000000000000000000000000000000000000000000000000000000000","0010000000000000000000000000000000000000000000000000000000000000","0000000000000000000000000000000000000000000000000000000000000000"]],"pretty_elements":{"rescaled_inputs":[["1","0","0","1","1","0","1","0","0","1","0"]],"inputs":[["0x0000000000000000000000000000000000000000000000000000000000001000","0x0000000000000000000000000000000000000000000000000000000000000000","0x0000000000000000000000000000000000000000000000000000000000000000","0x0000000000000000000000000000000000000000000000000000000000001000","0x0000000000000000000000000000000000000000000000000000000000001000","0x0000000000000000000000000000000000000000000000000000000000000000","0x0000000000000000000000000000000000000000000000000000000000001000","0x0000000000000000000000000000000000000000000000000000000000000000","0x0000000000000000000000000000000000000000000000000000000000000000","0x0000000000000000000000000000000000000000000000000000000000001000","0x0000000000000000000000000000000000000000000000000000000000000000"]],"processed_inputs":[],"processed_params":[],"processed_outputs":[],"rescaled_outputs":[["0"],["0.666015625","0.333984375"]],"outputs":[["0x0000000000000000000000000000000000000000000000000000000000000000"],["0x0000000000000000000000000000000000000000000000000000000000000aa8","0x0000000000000000000000000000000000000000000000000000000000000558"]]},"outputs":[["0000000000000000000000000000000000000000000000000000000000000000"],["a80a000000000000000000000000000000000000000000000000000000000000","5805000000000000000000000000000000000000000000000000000000000000"]],"processed_inputs":null,"processed_params":null,"processed_outputs":null,"max_lookup_inputs":4096,"min_lookup_inputs":-4096,"max_range_size":0}